id,hash,PUBDATE,TITLE_URL_EN,TITLE_URL_FR,QUOTE_INDEX,QUOTE_EN,SPEAKER_EN,QUOTE_FR,SPEAKER_FR
1,ef13d9892238ba33ac8ff04f94bdac2a,2026-05-11 15:13:22,https://www.canada.ca/en/fednor/news/2026/05/government-of-canada-investing-nearly-18-million-to-create-youth-employment-across-northern-ontario.html,https://www.canada.ca/fr/fednor/nouvelles/2026/05/le-gouvernement-du-canada-investit-pres-de-18-million-de-dollars-pour-creer-des-emplois-pour-les-jeunes-dans-le-nord-de-lontario.html,1,"Young people are the future of our country, and when we invest in their skills, we’re investing in the long-term strength of our communities. Today’s investment will help ensure that young people not only find good opportunities in Northern Ontario, but choose to build their futures here. Together, we’re ensuring that the next generation is ready to lead and grow our economy for years to come.","The Honourable Patty Hajdu, Minister of Jobs and Families and Minister Responsible for FedNor","Les jeunes représentent l’avenir de notre pays, et lorsque nous investissons dans leurs compétences, nous investissons dans le renforcement durable de nos communautés. L’investissement d’aujourd’hui permettra aux jeunes de trouver non seulement de bonnes occasions dans le Nord de l’Ontario, mais aussi de choisir d’y bâtir leur avenir. Ensemble, nous veillons à ce que la prochaine génération soit prête à diriger et à faire croître notre économie pour les années à venir.","L’honorable Patty Hajdu, ministre de l’Emploi et des Familles et ministre responsable de FedNor"
2,ef13d9892238ba33ac8ff04f94bdac2a,2026-05-11 15:13:22,https://www.canada.ca/en/fednor/news/2026/05/government-of-canada-investing-nearly-18-million-to-create-youth-employment-across-northern-ontario.html,https://www.canada.ca/fr/fednor/nouvelles/2026/05/le-gouvernement-du-canada-investit-pres-de-18-million-de-dollars-pour-creer-des-emplois-pour-les-jeunes-dans-le-nord-de-lontario.html,2,"Creating jobs for young Canadians supports our governments strategy to build a workforce for the future that includes every generation. These internships will provide a fair chance for young people in Northern Ontario to develop their skills and fully participate as active members of Canada’s economy. This FedNor funding is not only a smart investment, it’s the right thing to do so youth can grow up in Northern Ontario knowing they have equitable opportunities to pursue their career ambitions.","Pauline Rochefort, Parliamentary Secretary to the Secretary of State (Rural Development), and Member of Parliament for Nipissing-Timiskaming","Créer des emplois pour les jeunes Canadiens s’inscrit dans la stratégie de notre gouvernement visant à bâtir une main-d’œuvre intergénérationnelle pour l’avenir. Ces stages offriront une chance équitable à la jeunesse du nord de l’Ontario de développer leurs compétences et d’être des membres actifs de l’économie canadienne. Ce financement de FedNor représente non seulement un investissement judicieux, mais il est essentiel de permettre aux jeunes de grandir dans le Nord de l’Ontario en sachant qu’ils disposent d’opportunités équitables pour réaliser leurs ambitions professionnelles.","Pauline Rochefort, secrétaire parlementaire du secrétaire d’État (Développement rural) et députée de Nipissing—Timiskaming"
3,ef13d9892238ba33ac8ff04f94bdac2a,2026-05-11 15:13:22,https://www.canada.ca/en/fednor/news/2026/05/government-of-canada-investing-nearly-18-million-to-create-youth-employment-across-northern-ontario.html,https://www.canada.ca/fr/fednor/nouvelles/2026/05/le-gouvernement-du-canada-investit-pres-de-18-million-de-dollars-pour-creer-des-emplois-pour-les-jeunes-dans-le-nord-de-lontario.html,3,"Northern Ontario’s small and medium-sized businesses thrive when they can attract and keep talented young people. Through this program, we’re giving youth the chance to gain hands-on experience in their chosen fields, while helping local employers grow and innovate. It’s a win-win — young professionals launch their careers, and our SMEs gain the skills and energy they need to succeed in a competitive economy.","Gilles Matko, Executive Director, Nord-Aski Regional Economic Development Corporation","Créer des emplois pour les jeunes Canadiens s’inscrit dans la stratégie de notre gouvernement visant à bâtir une main-d’œuvre intergénérationnelle pour l’avenir. Ces stages offriront une chance équitable à la jeunesse du nord de l’Ontario de développer leurs compétences et d’être des membres actifs de l’économie canadienne. Ce financement de FedNor représente non seulement un investissement judicieux, mais il est essentiel de permettre aux jeunes de grandir dans le Nord de l’Ontario en sachant qu’ils disposent d’opportunités équitables pour réaliser leurs ambitions professionnelles.","Pauline Rochefort, secrétaire parlementaire du secrétaire d’État (Développement rural) et députée de Nipissing—Timiskaming"
4,ef3018dc3302e057573b9f6dd07ecc4c,2026-05-11 14:01:21,https://www.canada.ca/en/pacific-economic-development/news/2026/05/accelerating-commercialization-and-adoption-of-ai-and-quantum-technologies-in-british-columbia.html,https://www.canada.ca/fr/developpement-economique-pacifique/nouvelles/2026/05/acceleration-de-la-commercialisation-et-de-ladoption-des-technologies-dia-et-quantiques-en-colombie-britannique.html,1,"Across B.C., ambitious entrepreneurs are harnessing the power of AI and quantum technologies to turn ideas into market ready solutions. By commercializing and adopting cutting edge innovations, these companies are strengthening Canada’s domestic technology base and sharpening our global competitive edge. PacifiCan’s investment to connect Canadian companies to global opportunities at Web Summit Vancouver is helping these innovators scale faster, attract international attention, and showcase B.C.’s ingenuity on the world stage.","The Honourable Gregor Robertson, Minister of Housing and Infrastructure and Minister responsible for Pacific Economic Development Canada","Partout en Colombie-Britannique, des entrepreneurs ambitieux exploitent le pouvoir des technologies quantiques et de l’intelligence artificielle pour transformer leurs idées en solutions prêtes à être commercialisées. En commercialisant et en adoptant des innovations de pointe, ces entreprises renforcent la base technologique nationale du Canada et affinent notre avantage concurrentiel à l’échelle mondiale. L’investissement de PacifiCan visant à mettre les entreprises canadiennes en relation avec des possibilités mondiales au Web Summit Vancouver aide ces innovateurs à se développer plus rapidement, à attirer l’attention internationale et à mettre en valeur l’ingéniosité de la Colombie-Britannique sur la scène mondiale.","L’honorable Gregor Robertson, ministre du Logement et de l’Infrastructure et ministre responsable de Développement économique Canada pour le Pacifique (PacifiCan)"
5,ef3018dc3302e057573b9f6dd07ecc4c,2026-05-11 14:01:21,https://www.canada.ca/en/pacific-economic-development/news/2026/05/accelerating-commercialization-and-adoption-of-ai-and-quantum-technologies-in-british-columbia.html,https://www.canada.ca/fr/developpement-economique-pacifique/nouvelles/2026/05/acceleration-de-la-commercialisation-et-de-ladoption-des-technologies-dia-et-quantiques-en-colombie-britannique.html,2,"We see a future where intelligent wearable robots seamlessly restore mobility and independence in everyday life. This investment accelerates that vision—enabling us to integrate AI at the core of our technology, expand into homes and communities, and establish Canada as a global leader in transforming human mobility through robotics.","Siamak Arzanpour & Edward Park, Co-CEOs, Human in Motion Robotics","Nous envisageons un avenir où des robots portables intelligents permettront de retrouver naturellement mobilité et autonomie au quotidien. Cet investissement permet d’accélérer la concrétisation de cette vision : il nous donne les moyens d’intégrer l’IA au cœur de notre technologie, de donner accès à nos produits aux particuliers et aux collectivités, et de faire du Canada un chef de file mondial dans la transformation de la mobilité humaine grâce à la robotique.","Siamak Arzanpour et Edward Park, coprésidents, Human in Motion Robotics"
6,ef3018dc3302e057573b9f6dd07ecc4c,2026-05-11 14:01:21,https://www.canada.ca/en/pacific-economic-development/news/2026/05/accelerating-commercialization-and-adoption-of-ai-and-quantum-technologies-in-british-columbia.html,https://www.canada.ca/fr/developpement-economique-pacifique/nouvelles/2026/05/acceleration-de-la-commercialisation-et-de-ladoption-des-technologies-dia-et-quantiques-en-colombie-britannique.html,3,"Dream Photonics is solving one of the most challenging aspects of manufacturing AI and quantum hardware – getting the light in and out of the photonic chips, and into optical fibers.","Lukas Chrostowski. CEO, Dream Photonics Inc.",Dream Photonics s’attaque à l’un des aspects les plus complexes de la fabrication de matériel quantique et d’IA : faire entrer et sortir la lumière des puces photoniques pour l’acheminer vers les fibres optiques.,"Lucas Chrostowski, directeur général, Dream Photonics, Inc"
7,1e1646f84b75d06b0ba669006007c80f,2026-05-11 13:51:58,https://www.canada.ca/en/atlantic-canada-opportunities/news/2026/05/targeted-investments-powering-business-growth.html,https://www.canada.ca/fr/promotion-economique-canada-atlantique/nouvelles/2026/05/des-investissements-cibles-au-service-de-la-croissance-des-entreprises.html,1,"“Growing businesses are essential to building a strong and competitive economy. By investing in skills, expertise, and the capacity to scale and reach new markets, we’re helping innovative companies grow, create good jobs, and turn ideas into real economic opportunity. When local businesses succeed, it strengthens our regional economy and supports long‑term resilience and prosperity for communities across Atlantic Canada.” - The Honourable Sean Fraser, P.C., K.C., Member of Parliament for Central Nova, Minister of Justice and Attorney General of Canada and Minister responsible for the Atlantic Canada Opportunities Agency",,"« Les entreprises en croissance sont essentielles pour bâtir une économie forte et concurrentielle. En investissant dans les compétences, l’expertise et la capacité de croissance et d’accès à de nouveaux marchés, nous aidons les entreprises innovantes à se développer, à créer de bons emplois et à transformer leurs idées en véritables occasions économiques. La réussite des entreprises locales renforce notre économie régionale et soutient la résilience et la prospérité à long terme des communautés de l’ensemble du Canada atlantique. » – L’honorable Sean Fraser, C.P., C.R., député pour Nova-Centre, ministre de la Justice, procureur général du Canada et ministre responsable de l’Agence de promotion économique du Canada atlantique",
8,1e1646f84b75d06b0ba669006007c80f,2026-05-11 13:51:58,https://www.canada.ca/en/atlantic-canada-opportunities/news/2026/05/targeted-investments-powering-business-growth.html,https://www.canada.ca/fr/promotion-economique-canada-atlantique/nouvelles/2026/05/des-investissements-cibles-au-service-de-la-croissance-des-entreprises.html,2,"“When local businesses have the right people and tools, they can meet demand, improve service, and create good jobs here in our community. Today’s support will help five companies hire skilled experts and strengthen day-to-day operations, so they can deliver more for customers and keep growing close to home.” - Braedon Clark, Member of Parliament for Sackville—Bedford—Preston",,"« Lorsque les entreprises locales disposent des compétences adéquates et des bons outils, elles peuvent répondre à la demande, améliorer leurs services et créer des emplois de qualité dans notre communauté. Le soutien annoncé aujourd’hui aidera cinq entreprises à recruter des experts et expertes qualifiés et à renforcer leurs opérations quotidiennes, afin qu’elles puissent offrir davantage à leurs clients et continuer à croître près de chez elles. » – Braedon Clark, député de Sackville-Bedford-Preston",
9,7792fe45739c29f3095a50dc4040c08a,2026-05-11 13:27:08,https://www.canada.ca/en/transport-canada/news/2026/05/government-of-canada-invests-in-clean-marine-infrastructure-and-green-shipping-solutions.html,https://www.canada.ca/fr/transports-canada/nouvelles/2026/05/le-gouvernement-du-canada-investit-dans-des-infrastructures-maritimes-propres-et-des-solutions-de-transport-ecologique.html,1,"Canada’s marine transportation system must be efficient, reliable, and sustainable to support a strong and competitive economy. Through the Green Shipping Corridor Program’s Clean Ports stream, we are investing in projects across the country, from shore power in Charlottetown to innovative solutions that reduce emissions and modernize our ports. These investments will help decarbonize the marine sector and build a cleaner future for Canadians.",The Honourable Steven MacKinnon Minister of Transport and Leader of the Government in the House of Commons,"Le réseau de transport maritime du Canada doit être efficace, fiable et durable pour soutenir une économie forte et concurrentielle. Dans le cadre du volet Ports propres du Programme de corridors maritimes verts, nous investissons dans des projets partout au pays, depuis l’alimentation à quai à Charlottetown jusqu’aux solutions novatrices qui réduisent les émissions et modernisent nos ports. Ces investissements aideront à décarboniser le secteur maritime et à bâtir un avenir plus propre pour les Canadiens et Canadiennes.",L’honorable Steven MacKinnon Ministre des Transports et leader du gouvernement à la Chambre des communes
10,7792fe45739c29f3095a50dc4040c08a,2026-05-11 13:27:08,https://www.canada.ca/en/transport-canada/news/2026/05/government-of-canada-invests-in-clean-marine-infrastructure-and-green-shipping-solutions.html,https://www.canada.ca/fr/transports-canada/nouvelles/2026/05/le-gouvernement-du-canada-investit-dans-des-infrastructures-maritimes-propres-et-des-solutions-de-transport-ecologique.html,2,"Cutting emissions takes real infrastructure – and shore power is a big part of that. Port Charlottetown is a favorite stop for our guests, and investments like this help secure its future for years to come. It’s been a true team effort across government, our port partners and maritime to drive this kind of meaningful progress for both our industry and for the local community.",Beth Bodensteiner President of Holland America Line,"La réduction des émissions nécessite de véritables infrastructures, et l’alimentation à quai en fait partie intégrante. Le port de Charlottetown est l’une des escales préférées de nos passagers et passagères, et des investissements comme celui-ci aident à assurer son avenir pour les années à venir. C’est grâce à un réel travail d’équipe entre le gouvernement, nos partenaires portuaires et le secteur maritime que nous avons pu réaliser ce type de progrès significatif, tant pour notre industrie que pour la communauté locale.",Beth Bodensteiner Présidente de Holland America Line
11,7792fe45739c29f3095a50dc4040c08a,2026-05-11 13:27:08,https://www.canada.ca/en/transport-canada/news/2026/05/government-of-canada-invests-in-clean-marine-infrastructure-and-green-shipping-solutions.html,https://www.canada.ca/fr/transports-canada/nouvelles/2026/05/le-gouvernement-du-canada-investit-dans-des-infrastructures-maritimes-propres-et-des-solutions-de-transport-ecologique.html,3,"This investment represents a transformational step forward for Port Charlottetown and Prince Edward Island as we continue advancing cleaner, more sustainable cruise infrastructure. By 2030, more than five marquee ports across the Canada New England itinerary are expected to offer shore power capabilities, reflecting the cruise industry’s transition toward lower-emission operations and more sustainable port communities. Shore power is a critical investment in the future of our port, supporting the decarbonization of cruise operations while advancing Prince Edward Island’s broader environmental and green energy initiatives. This project represents our commitment to responsible growth, innovation, and building a more sustainable future for our waterfront and community.",Mike Cochrane CEO of Port Charlottetown,"Cet investissement représente un pas en avant décisif pour le port de Charlottetown et l’Île-du-Prince-Édouard alors que nous continuons à développer des infrastructures de croisière plus propres et plus durables. D’ici 2030, plus de cinq ports de renom dans l’itinéraire Canada-Nouvelle-Angleterre devraient offrir des capacités d’alimentation à quai, ce qui reflète la transition de l’industrie des croisières vers des activités moins polluantes et des communautés portuaires plus durables. L’alimentation à quai est un investissement essentiel dans l’avenir de notre port, car elle favorise la décarbonisation des activités de croisière tout en faisant progresser les initiatives environnementales et d’énergie verte globales de l’Île-du-Prince-Édouard. Ce projet témoigne de notre engagement en faveur d’une croissance responsable, de l’innovation et de la construction d’un avenir plus durable pour notre secteur riverain et notre communauté.",Mike Cochrane PDG de Port Charlottetown
12,ef207048042844e058894a671256e046,2026-05-11 13:20:13,https://www.canada.ca/en/employment-social-development/news/2026/05/governments-of-canada-and-yukon-partner-to-support-tariff-impacted-workers-and-strengthen-workforce.html,https://www.canada.ca/fr/emploi-developpement-social/nouvelles/2026/05/les-gouvernements-du-canada-et-du-yukon-sassocient-pour-soutenir-les-travailleurs-touches-par-les-droits-de-douane-et-renforcer-la-main-duvre.html,1,"“Canada’s workforce is strongest when employers and training partners work together. As global trade evolves, no worker will be left behind. Through the Workforce Tariff Response, that means providing the tools and training workers need to secure good jobs, continue building strong communities, and ensure Canada remains resilient in the face of global challenges.” — The Honourable Patty Hajdu, Minister of Jobs and Families and Minister responsible for the Federal Economic Development Agency for Northern Ontario",,"« La main-d’œuvre canadienne est plus forte quand les employeurs et les partenaires de formation travaillent ensemble. À mesure que le commerce mondial se transforme, aucun travailleur ne sera laissé pour compte. Grâce à l’initiative de Réponse tarifaire pour la main-d’œuvre, nous fournissons les outils et la formation dont les travailleurs ont besoin pour obtenir de bons emplois et continuer de bâtir des collectivités fortes afin que le Canada demeure résilient malgré les défis entraînés par le contexte mondial. » – La ministre de l’Emploi et des Familles et ministre responsable de l’Agence de développement économique pour le Nord de l’Ontario, l’honorable Patty Hajdu",
13,ef207048042844e058894a671256e046,2026-05-11 13:20:13,https://www.canada.ca/en/employment-social-development/news/2026/05/governments-of-canada-and-yukon-partner-to-support-tariff-impacted-workers-and-strengthen-workforce.html,https://www.canada.ca/fr/emploi-developpement-social/nouvelles/2026/05/les-gouvernements-du-canada-et-du-yukon-sassocient-pour-soutenir-les-travailleurs-touches-par-les-droits-de-douane-et-renforcer-la-main-duvre.html,2,"“Yukoners are known for being resilient and innovative, adapting to change and rising to unique challenges. Our territory’s workforce lives up to this reputation, as it navigates shifts in the global economy and the emerging importance of the North in strengthening economic independence. I want to thank Minister Hajdu and the Government of Canada for their support in building our Yukon labour force to meet the challenges of the day.” — The Honourable Jen Gehmair, Yukon’s Minister of Economic Development, Tourism and Culture",,"« Les Yukonnais sont connus pour être résilient et novateurs. Ils s’adaptent aux changements et surmontent les obstacles mis sur leur chemin. La main-d’œuvre sur notre territoire se montre à la hauteur de sa réputation en cette époque où l’économie mondiale change et où l’importance du Nord vient jouer un rôle de plus en plus central dans le renforcement de notre indépendance économique. Je tiens à remercier la ministre Hajdu et le gouvernement du Canada de nous soutenir dans nos efforts pour veiller à ce que la main-d’œuvre yukonaise soit équipée pour surmonter les difficultés. » – La ministre du Développement économique, du Tourisme et de la Culture du Yukon, l’honorable Jen Gehmair.",
14,ef207048042844e058894a671256e046,2026-05-11 13:20:13,https://www.canada.ca/en/employment-social-development/news/2026/05/governments-of-canada-and-yukon-partner-to-support-tariff-impacted-workers-and-strengthen-workforce.html,https://www.canada.ca/fr/emploi-developpement-social/nouvelles/2026/05/les-gouvernements-du-canada-et-du-yukon-sassocient-pour-soutenir-les-travailleurs-touches-par-les-droits-de-douane-et-renforcer-la-main-duvre.html,3,"“In a rapidly changing global economy, our focus is on equipping workers with the skills they need to succeed – today and in the future. Through this new Canada-Yukon partnership, we are working closely with labour and industry partners to support workers to retrain and upskill so they can step into new opportunities in key sectors like construction, transportation, and mining. This will strengthen the Yukon’s workforce, bolster our flexibility and help communities grow for the long term.” — Brendan Hanley, Parliamentary Secretary to the Minister of Northern and Arctic Affairs",,"« L’économie mondiale change rapidement et notre priorité doit être de permettre aux travailleurs d’acquérir les compétences dont ils ont besoin pour réussir, aujourd’hui et demain. Dans le cadre du partenariat qui lie les gouvernements du Canada et du Yukon, nous collaborons étroitement avec les syndicats et les acteurs de l’industrie pour aider les travailleurs à réorienter leur carrière ou à perfectionner leurs compétences, et ainsi saisir les occasions qui se présenteront dans les secteurs prioritaires comme la construction, le transport et l’exploitation minière. Cela renforcera la main-d’œuvre du Yukon ainsi que sa polyvalence et aidera les collectivités à croître durablement. » – Le secrétaire parlementaire de la ministre des Affaires du Nord et de l’Arctique, Brendan Hanley",
15,f2aa7e00a944cc62a29ad8931d161fa4,2026-05-11 13:07:36,https://www.canada.ca/en/innovation-science-economic-development/news/2026/05/government-of-canada-and-telus-advance-work-to-build-sovereign-ai-infrastructure.html,https://www.canada.ca/fr/innovation-sciences-developpement-economique/nouvelles/2026/05/le-gouvernement-du-canada-et-telus-font-avancer-les-travaux-en-vue-de-la-construction-dune-infrastructure-dintelligence-artificielle-souveraine.html,1,"“Canada cannot compete in the AI economy without the infrastructure to back it up. By advancing this project with TELUS, we are taking concrete action to build sovereign AI capacity here in Canada, so Canadian innovators, researchers and businesses have access to the compute they need, while keeping Canadian data, intellectual property and economic advantage on Canadian soil.” – The Honourable Evan Solomon, Minister of Artificial Intelligence and Digital Innovation and Minister responsible for the Federal Economic Development Agency for Southern Ontario",,"« Le Canada ne peut soutenir la concurrence dans l’économie de l’intelligence artificielle sans l’infrastructure sous-jacente. En faisant progresser ce projet de concert avec TELUS, nous prenons des mesures concrètes pour développer une capacité d’IA souveraine ici même au pays. Ainsi, les visionnaires, le milieu de la recherche et les entreprises du Canada auront accès à la capacité de calcul dont ils ont besoin, et les données, la propriété intellectuelle et les retombées économiques canadiennes demeureront à l’intérieur de nos frontières. » – Le ministre de l’Intelligence artificielle et de l’Innovation numérique et ministre responsable de l’Agence fédérale de développement économique pour le Sud de l’Ontario, l’honorable Evan Solomon",
16,f2aa7e00a944cc62a29ad8931d161fa4,2026-05-11 13:07:36,https://www.canada.ca/en/innovation-science-economic-development/news/2026/05/government-of-canada-and-telus-advance-work-to-build-sovereign-ai-infrastructure.html,https://www.canada.ca/fr/innovation-sciences-developpement-economique/nouvelles/2026/05/le-gouvernement-du-canada-et-telus-font-avancer-les-travaux-en-vue-de-la-construction-dune-infrastructure-dintelligence-artificielle-souveraine.html,2,"“We are incredibly proud to be working with the Government of Canada to help build Canada’s sovereign AI infrastructure. The unprecedented demand that completely sold out our first AI factory in Rimouski proves that Canadian innovators want cutting-edge AI infrastructure built right here on Canadian soil. We are sending a clear message to the world: Canada will lead the AI revolution with uncompromising technological power and unparalleled climate leadership.” – Darren Entwistle, President and CEO of TELUS",,"« Nous sommes extrêmement fiers de collaborer avec le gouvernement du Canada pour contribuer à bâtir l’infrastructure d’IA souveraine du pays. La demande sans précédent qui a fait atteindre sa pleine capacité à notre premier centre d’IA à Rimouski prouve que les innovateurs canadiens veulent une infrastructure d’IA de pointe construite ici même, sur le sol canadien. Nous envoyons un message clair au monde : le Canada mènera la révolution de l’IA avec une puissance technologique sans compromis et un leadership climatique inégalé. » – Le président et chef de la direction de TELUS, Darren Entwistle",
17,5aa718f156c7a3b9be5f3cf42ac2bff5,2026-05-11 13:00:14,https://www.canada.ca/en/institutes-health-research/news/2026/05/health-system-impact-fellows-advance-evidence-informed-health-system-improvements-across-canada.html,https://www.canada.ca/fr/instituts-recherche-sante/nouvelles/2026/05/des-boursiers-mettent-les-donnees-probantes-au-service-de-lamelioration-du-systeme-de-sante-canadien.html,1,"Congratulations to the 2026 cohort of CIHR Health System Impact Fellows. It’s never been a better time to support new ideas and innovative approaches to tackling pressing priorities and improve care for Canadians. These researchers have their eyes firmly on solutions, and their dedication, curiosity, and skills will contribute to real-world improvements and stronger health systems.",The Honourable Marjorie Michel Minister of Health,"Félicitations à la cohorte 2026 des titulaires d’une bourse d’impact sur le système de santé des IRSC. Dans un contexte où les besoins se font pressants, c’est le moment idéal pour investir dans de nouvelles idées et des approches novatrices qui permettront d’améliorer les soins offerts à la population canadienne. Ces chercheurs ont les yeux rivés sur les solutions, et leur dévouement, leur curiosité et leurs compétences promettent des changements concrets qui renforceront notre système de santé.",L’honorable Marjorie Michel Ministre de la Santé
18,5aa718f156c7a3b9be5f3cf42ac2bff5,2026-05-11 13:00:14,https://www.canada.ca/en/institutes-health-research/news/2026/05/health-system-impact-fellows-advance-evidence-informed-health-system-improvements-across-canada.html,https://www.canada.ca/fr/instituts-recherche-sante/nouvelles/2026/05/des-boursiers-mettent-les-donnees-probantes-au-service-de-lamelioration-du-systeme-de-sante-canadien.html,2,"Each year, the contributions of Health System Impact Fellows help shape the future of health care in Canada. Evidence is crucial for public health and health care delivery that is responsive to the needs of all people. The CIHR Impact Fellows infuse vital knowledge into everyday care, improving quality, patient outcomes, cost, and equity.","Dr. Paul Hébert President, Canadian Institutes of Health Research","Chaque année, les titulaires d’une bourse d’impact sur le système de santé aident à façonner l’avenir des soins de santé au Canada. Les données probantes sont cruciales pour répondre aux besoins de tous en matière de santé publique et de soins de santé, et ces boursiers apportent leur savoir indispensable à la prestation de soins au quotidien pour en améliorer la qualité, l’abordabilité et l’équité, au profit des patients.","Dr Paul Hébert Président, Instituts de recherche en santé du Canada"
19,5aa718f156c7a3b9be5f3cf42ac2bff5,2026-05-11 13:00:14,https://www.canada.ca/en/institutes-health-research/news/2026/05/health-system-impact-fellows-advance-evidence-informed-health-system-improvements-across-canada.html,https://www.canada.ca/fr/instituts-recherche-sante/nouvelles/2026/05/des-boursiers-mettent-les-donnees-probantes-au-service-de-lamelioration-du-systeme-de-sante-canadien.html,3,"Through our long-standing partnership with CIHR, Michael Smith Health Research BC is proud to co-fund Health System Impact Fellows embedded in BC health organizations. By bringing research talent into real-world environments, the fellowship strengthens evidence-informed decision-making and builds BC’s capacity to deliver meaningful improvements in health services and health outcomes across the province.","Dr. Geoff Payne President & CEO, Michael Smith Health Research BC","Grâce à son partenariat de longue date avec les IRSC, Michael Smith Health Research BC est fier de cofinancer des titulaires d’une bourse d’impact sur le système de santé qui œuvrent au sein même d’organismes de santé de la Colombie-Britannique. En mettant à profit le talent de ces chercheurs sur le terrain, le programme soutient la prise de décisions éclairées par des données probantes et renforce la capacité de la Colombie-Britannique à apporter des améliorations concrètes aux services de santé et aux résultats cliniques partout dans la province.","Dr Geoff Payne Président-directeur général, Michael Smith Health Research BC"
20,5aa718f156c7a3b9be5f3cf42ac2bff5,2026-05-11 13:00:14,https://www.canada.ca/en/institutes-health-research/news/2026/05/health-system-impact-fellows-advance-evidence-informed-health-system-improvements-across-canada.html,https://www.canada.ca/fr/instituts-recherche-sante/nouvelles/2026/05/des-boursiers-mettent-les-donnees-probantes-au-service-de-lamelioration-du-systeme-de-sante-canadien.html,4,"ResearchNB is pleased to partner with CIHR to co-fund this year’s New Brunswick Health System Impact Fellow. The New Brunswick fellow will play a key role in driving transformation and innovation in the province’s primary care sector, while strengthening research capacity and addressing some of the most pressing challenges facing the health system. We extend our congratulations and best wishes to the New Brunswick fellow and Dr. Shelley Doucet’s Centre for Research in Integrated Care team, as well as to all successful fellows across the country.","Candice Pollack CEO, ResearchNB","RechercheNB est heureux de s’associer aux IRSC pour cofinancer la bourse d’impact sur le système de santé du Nouveau-Brunswick de cette année. Les travaux qui en découleront seront essentiels à la transformation et à l’innovation au sein du secteur des soins primaires de la province, en plus de contribuer à renforcer la capacité de recherche et à répondre aux besoins les plus pressants du système de santé. Nous offrons nos félicitations et nos meilleurs vœux de réussite à la personne qui a reçu cette bourse ainsi qu’à l’équipe de la Dre Shelley Doucet au Centre for Research in Integrated Care, sans oublier tous les autres titulaires d’une bourse d’impact sur le système de santé de cette année ailleurs au pays.","Candice Pollack Directrice générale, RechercheNB"
21,5aa718f156c7a3b9be5f3cf42ac2bff5,2026-05-11 13:00:14,https://www.canada.ca/en/institutes-health-research/news/2026/05/health-system-impact-fellows-advance-evidence-informed-health-system-improvements-across-canada.html,https://www.canada.ca/fr/instituts-recherche-sante/nouvelles/2026/05/des-boursiers-mettent-les-donnees-probantes-au-service-de-lamelioration-du-systeme-de-sante-canadien.html,5,"On behalf of Saskatchewan Health Research Foundation, I want to congratulate this year’s Health System Impact Fellows. Partnerships among funders, researchers, health organizations, and between institutions and communities help move research into real and lasting impact. We are proud to support the next generation of health researchers working on real-world challenges in Saskatchewan.","Patrick Odnokon CEO, Saskatchewan Health Research Foundation","Au nom de la Fondation de la recherche en santé de la Saskatchewan, je tiens à féliciter les titulaires d’une bourse d’impact sur le système de santé de cette année. Les partenariats entre les bailleurs de fonds, les chercheurs et les organismes de santé de même que ceux entre les établissements et les collectivités permettent de transformer la recherche en retombées réelles et durables. Nous sommes fiers d’appuyer la prochaine génération de chercheurs en santé qui aideront à trouver des solutions aux problèmes concrets en Saskatchewan.","Patrick Odnokon Directeur général, Fondation de la recherche en santé de la Saskatchewan"
22,4d4bb501f80602a4169ee0ae187b82c1,2026-05-11 12:29:20,https://www.canada.ca/en/innovation-science-economic-development/news/2026/05/minister-joly-announces-significant-federal-investment-in-innovative-project-to-diversify-production-at-kruger-incs-wayagamack-mill.html,https://www.canada.ca/fr/innovation-sciences-developpement-economique/nouvelles/2026/05/la-ministre-joly-annonce-un-investissement-federal-majeur-dans-un-projet-novateur-visant-a-diversifier-la-production-de-lusine-wayagamack-de-kruger.html,1,"“This investment in Kruger Inc. is about protecting and creating good industrial jobs here at home while strengthening Canada’s economic resiliency. By bolstering innovative, productivity‑driven processes, we are helping Canadian companies compete and win in a rapidly evolving global economy.” – The Honourable Mélanie Joly, Minister of Industry and Minister responsible for Canada Economic Development for Quebec Regions",,"« Cet investissement dans Kruger inc. vise à protéger et à créer des emplois industriels de qualité ici au pays, tout en renforçant la résilience économique du Canada. En appuyant l’adoption de procédés qui favorisent la productivité, nous aidons les entreprises canadiennes à être concurrentielles et à prospérer au sein d’une économie mondiale qui évolue rapidement. » – La ministre de l’Industrie et ministre responsable de Développement économique Canada pour les régions du Québec, l’honorable Mélanie Joly",
23,4d4bb501f80602a4169ee0ae187b82c1,2026-05-11 12:29:20,https://www.canada.ca/en/innovation-science-economic-development/news/2026/05/minister-joly-announces-significant-federal-investment-in-innovative-project-to-diversify-production-at-kruger-incs-wayagamack-mill.html,https://www.canada.ca/fr/innovation-sciences-developpement-economique/nouvelles/2026/05/la-ministre-joly-annonce-un-investissement-federal-majeur-dans-un-projet-novateur-visant-a-diversifier-la-production-de-lusine-wayagamack-de-kruger.html,2,"“We would like to highlight the support of the Government of Canada, which is key to advancing innovative projects like this one. The creation of our new division focused on 100% natural nonwoven materials is a direct extension of our long‑term diversification strategy. This project will allow us to build on our manufacturing expertise in a growing, innovative sector, while remaining true to our mission of developing more sustainable essential products.” − Eric Ashby, Executive Vice President and Chief Operating Officer, Kruger Inc.",,"« Nous tenons à souligner le soutien du gouvernement du Canada, qui est crucial pour faire avancer des projets novateurs comme celui-ci. Notre nouvelle division axée sur la production de matériaux non tissés 100 % naturels est un prolongement direct de notre stratégie de diversification à long terme. Ce projet nous permettra de développer notre expertise en matière de fabrication dans un secteur novateur en plein essor, tout en demeurant fidèles à notre mission de développer des produits essentiels plus durables. » − Le vice-président exécutif et chef de l’exploitation de Kruger inc., Eric Ashbye",
24,4d4bb501f80602a4169ee0ae187b82c1,2026-05-11 12:29:20,https://www.canada.ca/en/innovation-science-economic-development/news/2026/05/minister-joly-announces-significant-federal-investment-in-innovative-project-to-diversify-production-at-kruger-incs-wayagamack-mill.html,https://www.canada.ca/fr/innovation-sciences-developpement-economique/nouvelles/2026/05/la-ministre-joly-annonce-un-investissement-federal-majeur-dans-un-projet-novateur-visant-a-diversifier-la-production-de-lusine-wayagamack-de-kruger.html,3,"“With this large-scale project, Kruger Wayagamack is reaffirming its role as a leader in the forest industry by focusing on innovation and the integration of cutting-edge technologies. This major investment enables the company to expand into new markets while boosting its productivity and strengthening its competitiveness. I am proud of the support our government is providing to help our businesses position themselves at the forefront and maintain and create good jobs in our regions, ensuring economic vitality in the Mauricie region and in Quebec and Canada as a whole.” – Caroline Desrochers, Member of Parliament for Trois-Rivières and Parliamentary Secretary to the Minister of Housing and Infrastructure",,"« Grâce à ce projet d’envergure, Kruger Wayagamack confirme son rôle de chef de file dans l’industrie forestière en misant sur l’innovation et l’intégration de technologies de pointe. Cet investissement majeur permet à l’entreprise de conquérir de nouveaux marchés, tout en stimulant sa productivité et en consolidant sa position concurrentielle. Je suis fière du soutien offert par notre gouvernement, qui permet à nos entreprises de se positionner à l’avant-garde, de préserver et de créer des emplois de qualité dans nos régions, et d’assurer ainsi la vitalité économique de la Mauricie, du Québec et du Canada. » – La députée de Trois-Rivières et secrétaire parlementaire du ministre du Logement et de l’Infrastructure, Caroline Desrochers",
25,4d4bb501f80602a4169ee0ae187b82c1,2026-05-11 12:29:20,https://www.canada.ca/en/innovation-science-economic-development/news/2026/05/minister-joly-announces-significant-federal-investment-in-innovative-project-to-diversify-production-at-kruger-incs-wayagamack-mill.html,https://www.canada.ca/fr/innovation-sciences-developpement-economique/nouvelles/2026/05/la-ministre-joly-annonce-un-investissement-federal-majeur-dans-un-projet-novateur-visant-a-diversifier-la-production-de-lusine-wayagamack-de-kruger.html,4,"“Kruger is a flagship company for both Quebec and the Mauricie region. With these investments, the company will be able to further diversify its activities while creating wealth and many quality jobs for local redients. When we help our businesses stand out in new markets, we strengthen Quebec’s assets and ensure its expertise shines around the world.” − Bernard Drainville, Member of the National Assembly for Lévis, Minister of Economy, Innovation and Energy",,"« Kruger, c’est une entreprise phare pour le Québec et pour la Mauricie. Avec ces investissements, l’entreprise pourra diversifier davantage ses activités tout en créant de la richesse et de nombreux emplois de qualité pour les gens d’ici. Lorsqu’on aide nos entreprises à se distinguer sur de nouveaux marchés, on solidifie les atouts du Québec et on s’assure de faire rayonner son savoir-faire partout dans le monde. » – Le député provincial de Lévis et ministre de l’Économie, de l’Innovation et de l’Énergie du Québec, Bernard Drainville",
26,7639c8a2089fc090d4e621aa923f53c0,2026-05-11 12:15:09,https://www.canada.ca/en/natural-resources-canada/news/2026/05/strengthening-clean-power-and-infrastructure-for-british-columbias-critical-minerals-advantage.html,https://www.canada.ca/fr/ressources-naturelles-canada/nouvelles/2026/05/renforcer-les-energies-propres-et-les-infrastructures-pour-affermir-lavantage-concurrentiel-de-la-colombie-britannique-dans-le-domaine-des-mineraux.html,1,"British Columbia has world‑class minerals, clean power and strong Indigenous leadership, and we are turning our critical mineral advantage into action. Today’s investments are strengthening transmission, supporting Indigenous communities and unlocking major projects across the province. This is about creating good jobs and opportunity for British Columbians while securing Canada’s place as a leader in the global clean-energy economy.",The Honourable Randeep Sarai Secretary of State for International Development,"La Colombie-Britannique abrite des gisements de minéraux de calibre mondial, des sources d’énergie propre et un leadership autochtone fort, et nous travaillons à concrétiser notre avantage concurrentiel dans le domaine des minéraux critiques. Les investissements d’aujourd’hui renforcent le transport d’électricité, soutiennent les communautés autochtones et débloquent de grands projets dans la province. Il s’agit ici de créer de bons emplois et débouchés pour les Britanno‑Colombiens, tout en confortant notre pays dans son rôle de chef de file de l’économie mondiale des énergies propres.",L’honorable Randeep Sarai Secrétaire d’État au développement international
27,7639c8a2089fc090d4e621aa923f53c0,2026-05-11 12:15:09,https://www.canada.ca/en/natural-resources-canada/news/2026/05/strengthening-clean-power-and-infrastructure-for-british-columbias-critical-minerals-advantage.html,https://www.canada.ca/fr/ressources-naturelles-canada/nouvelles/2026/05/renforcer-les-energies-propres-et-les-infrastructures-pour-affermir-lavantage-concurrentiel-de-la-colombie-britannique-dans-le-domaine-des-mineraux.html,2,"Canada is moving faster, building smarter and thinking bigger about our critical minerals future. These projects represent exactly the kind of made-in-Canada leadership that will strengthen our supply chains, from the first mile of infrastructure to the last mile of getting minerals to market. By investing in clean power, transmission upgrades, Indigenous leadership and early-stage development, we are unlocking British Columbia’s full potential and creating the conditions for long-term economic security. This is how we build a resilient, sustainable and competitive critical minerals value chain right here in Canada.",The Honourable Tim Hodgson Minister of Energy and Natural Resources,"Le Canada accélère le rythme, construit de manière plus intelligente et voit plus grand en ce qui a trait à l’avenir des minéraux critiques. Ces projets incarnent parfaitement le leadership d’ici qui renforcera nos chaînes d’approvisionnement du premier au dernier kilomètre – c’est-à-dire de la mise en place des infrastructures jusqu’à la mise en marché des minéraux. En investissant dans l’énergie propre, la modernisation des réseaux de transport d’électricité, le leadership autochtone et les étapes préliminaires du développement, nous libérons tout le potentiel de la Colombie‑Britannique et créons les conditions nécessaires pour assurer une sécurité économique à long terme. C’est ainsi que nous pouvons aménager une chaîne de valeur des minéraux critiques à la fois résiliente, durable et compétitive, ici même au Canada.",L’honorable Tim Hodgson Ministre de l’Énergie et des Ressources naturelles
28,7639c8a2089fc090d4e621aa923f53c0,2026-05-11 12:15:09,https://www.canada.ca/en/natural-resources-canada/news/2026/05/strengthening-clean-power-and-infrastructure-for-british-columbias-critical-minerals-advantage.html,https://www.canada.ca/fr/ressources-naturelles-canada/nouvelles/2026/05/renforcer-les-energies-propres-et-les-infrastructures-pour-affermir-lavantage-concurrentiel-de-la-colombie-britannique-dans-le-domaine-des-mineraux.html,3,"BC Hydro has been a cornerstone of economic growth and sustainability in British Columbia — because one of our biggest competitive advantages is our clean, reliable and affordable electricity. This funding supports our ongoing work to expand our grid and deliver clean power to the critical minerals sector while keeping costs affordable for our customers.","Charlotte Mitha President and CEO, British Columbia Hydro and Power Authority","BC Hydro est un pilier de la croissance économique et du développement durable en Colombie-Britannique, grâce à l’un de ses principaux avantages concurrentiels – son électricité propre, fiable et abordable. Ce financement soutient les efforts continus que nous déployons pour élargir notre réseau et pour fournir de l’électricité propre au secteur des minéraux critiques, tout en maintenant des tarifs abordables pour nos clients.","Charlotte Mitha Présidente-directrice générale, British Columbia Hydro and Power Authority"
29,7639c8a2089fc090d4e621aa923f53c0,2026-05-11 12:15:09,https://www.canada.ca/en/natural-resources-canada/news/2026/05/strengthening-clean-power-and-infrastructure-for-british-columbias-critical-minerals-advantage.html,https://www.canada.ca/fr/ressources-naturelles-canada/nouvelles/2026/05/renforcer-les-energies-propres-et-les-infrastructures-pour-affermir-lavantage-concurrentiel-de-la-colombie-britannique-dans-le-domaine-des-mineraux.html,4,"This conditional funding approval represents an important milestone in advancing critical infrastructure planning for the Wicheeda REE Project. Securing access to clean, low-carbon hydroelectric power and optimizing transportation networks are key components in positioning Wicheeda as a strategically important domestic source of rare earth elements essential for clean energy technologies and modern transportation systems.","Mark Tory President and CEO, Defense Metals Corp.",L’approbation de ce financement conditionnel pose un jalon important dans la planification d’infrastructures essentielles pour le projet des éléments des terres rares de Wicheeda. L’accès à de l’hydroélectricité propre et peu émettrice et l’optimisation des réseaux de transport sont deux éléments clés qui contribueront à faire de Wicheeda une source canadienne d’éléments des terres rares d’importance stratégique pour les technologies d’énergies propres et les systèmes de transports modernes.,"Mark Tory Président-directeur général, Defense Metals Corp."
30,7639c8a2089fc090d4e621aa923f53c0,2026-05-11 12:15:09,https://www.canada.ca/en/natural-resources-canada/news/2026/05/strengthening-clean-power-and-infrastructure-for-british-columbias-critical-minerals-advantage.html,https://www.canada.ca/fr/ressources-naturelles-canada/nouvelles/2026/05/renforcer-les-energies-propres-et-les-infrastructures-pour-affermir-lavantage-concurrentiel-de-la-colombie-britannique-dans-le-domaine-des-mineraux.html,5,"We are very grateful to NRCan and the Government of Canada for their ongoing support. This previously announced funding continues to support our efforts to advance sustainable, cost-competitive and scalable LFP processing technology alternatives, enhance our commercial offerings and strengthen resilient battery supply chain solutions for strategic partners and customers around the world.","Dan Blondal CEO and Founder, Nano One Materials Corp.","Nous sommes très reconnaissants envers RNCan et le gouvernement du Canada pour leur soutien constant. Ce financement déjà annoncé nous permet de continuer de faire progresser des nouvelles solutions durables, concurrentielles et modulables de traitement de LFP, d’améliorer notre offre commerciale et de proposer de meilleures solutions de chaînes d’approvisionnement en batteries résilientes à nos partenaires stratégiques et à nos clients de par le monde.","Dan Blondal Président-directeur général, Nano One Materials Corp."
31,7639c8a2089fc090d4e621aa923f53c0,2026-05-11 12:15:09,https://www.canada.ca/en/natural-resources-canada/news/2026/05/strengthening-clean-power-and-infrastructure-for-british-columbias-critical-minerals-advantage.html,https://www.canada.ca/fr/ressources-naturelles-canada/nouvelles/2026/05/renforcer-les-energies-propres-et-les-infrastructures-pour-affermir-lavantage-concurrentiel-de-la-colombie-britannique-dans-le-domaine-des-mineraux.html,6,"When First Nations rights holders are supported with meaningful participation and informed decision making, we will have tangible changes that yield more collaborative and efficient processes for responsible project building. Instead of wasting resources to force processes through a mould, we are looking to build that mould together to develop critical minerals for the benefit of everyone.","Marian Ngo Executive Director, Salish Sea Indigenous Guardians Association (SSIGA)","Lorsque les titulaires de droits des Premières Nations bénéficieront d’un soutien suffisant pour participer pleinement et prendre des décisions éclairées, nous obtiendrons des résultats concrets qui se traduiront par des processus plus collaboratifs et plus efficaces pour la mise en œuvre responsable de projets. Au lieu de gaspiller des ressources pour faire entrer de force des processus dans un moule existant, nous cherchons à construire ce moule ensemble afin d’exploiter les minéraux critiques dans l’intérêt de tous.","Marian Ngo Directrice générale, Salish Sea Indigenous Guardians Association"
32,7639c8a2089fc090d4e621aa923f53c0,2026-05-11 12:15:09,https://www.canada.ca/en/natural-resources-canada/news/2026/05/strengthening-clean-power-and-infrastructure-for-british-columbias-critical-minerals-advantage.html,https://www.canada.ca/fr/ressources-naturelles-canada/nouvelles/2026/05/renforcer-les-energies-propres-et-les-infrastructures-pour-affermir-lavantage-concurrentiel-de-la-colombie-britannique-dans-le-domaine-des-mineraux.html,7,"On the anniversary of the Nisga’a Treaty, Boney Creek is pleased to advance sustainable electricity generation with our partner Anyox Hydroelectric, supporting responsible natural resource development of national importance. We are proud to lead projects that create shared value for all three signatories to the Treaty: the Nisga’a Nation, the Province of British Columbia and Canada. We look forward to continued collaboration with all parties to navigate the path to commercial operations and to help establish a resilient, sustainable foundation for the natural resource sector in northwest B.C.","Tristan Walker President, Massif Energy (Boney Creek Development Ltd.)","À l’occasion de l’anniversaire du Traité Nisga’a, la société Boney Creek est heureuse de faire avancer la production d’électricité durable en collaboration avec son partenaire Anyox Hydroelectric et ainsi de favoriser une exploitation responsable des ressources naturelles d’importance nationale. Nous sommes fiers de mener des projets qui créent une valeur ajoutée pour les trois signataires du Traité : la nation Nisga’a, la province de la Colombie-Britannique et le Canada. Nous nous réjouissons à l’idée de poursuivre notre collaboration avec toutes les parties afin de progresser vers la reprise des opérations commerciales et d’établir des fondements solides et durables pour le secteur des ressources naturelles dans le nord-ouest de la Colombie-Britannique.","Tristan Walker Président, Massif Energy (Boney Creek Development Ltd.)"
33,0747904736a3a597857f2aecf3eee540,2026-05-11 11:30:29,https://www.canada.ca/en/fisheries-oceans/news/2026/05/government-of-canada-highlights-9578-million-investment-from-spring-economic-update-2026-canada-strong-for-all-to-small-craft-harbours-program.html,https://www.canada.ca/fr/peches-oceans/nouvelles/2026/05/gouvernement-du-canada-met-en-lumiere-un-investissement-de-9578-millions-de-dollars-annonce-dans-la-mise-a-jour-economique-du-printemps-de-2026--un.html,1,"Small craft harbours are the working backbone of coastal communities in Canada. This is the largest investment ever made in small craft harbours, reaffirming this new government's commitment to coastal communities, helping bring Canadian product to market. Harvesters depend on them, and the communities around them depend on harvesters. This funding will keep harbours safe and operational across the country, so rural and coastal economies stay strong and resilient for the long haul.","The Honourable Joanne Thompson, Minister of Fisheries","Les ports pour petits bateaux constituent l’épine dorsale opérationnelle des communautés côtières au Canada. Il s’agit du plus important investissement jamais réalisé dans les ports pour petits bateaux, ce qui réaffirme l’engagement de ce nouveau gouvernement envers les communautés côtières et contribue à acheminer les produits canadiens vers les marchés. Les pêcheurs en dépendent, et les communautés qui les entourent dépendent des pêcheurs. Ce financement permettra de maintenir les ports sûrs et pleinement opérationnels partout au pays, afin que les économies rurales et côtières demeurent fortes et résilientes à long terme.","L’honorable Joanne Thompson, ministre des Pêches"
34,0747904736a3a597857f2aecf3eee540,2026-05-11 11:30:29,https://www.canada.ca/en/fisheries-oceans/news/2026/05/government-of-canada-highlights-9578-million-investment-from-spring-economic-update-2026-canada-strong-for-all-to-small-craft-harbours-program.html,https://www.canada.ca/fr/peches-oceans/nouvelles/2026/05/gouvernement-du-canada-met-en-lumiere-un-investissement-de-9578-millions-de-dollars-annonce-dans-la-mise-a-jour-economique-du-printemps-de-2026--un.html,2,"The Spring Economic Update 2026 builds on the momentum of our budget, combining strategic investments with sustained fiscal discipline to keep building Canada Strong for All – delivering prosperity today and strengthening our economy for tomorrow. At this pivotal moment in Canada’s history, we’re charting a course through the fog of uncertainty and global headwinds with strength, determination, and ambition – and building one strong Canadian economy, by Canadians, for Canadians.","The Honourable François-Philippe Champagne, Minister of Finance and National Revenue","La Mise à jour économique du printemps de 2026 poursuit sur la lancée de notre budget, en combinant des investissements stratégiques à une discipline budgétaire soutenue, afin de continuer à bâtir un Canada fort pour tous, et afin d’assurer notre prospérité maintenant, tout en renforçant notre économie pour demain. En ce moment charnière de l’histoire du Canada, nous gardons le cap malgré le brouillard d’incertitude et les vents contraires à l’échelle mondiale, avec force, détermination et courage, pour bâtir une économie canadienne forte, par les Canadiens et pour les Canadiens.","L’honorable François-Philippe Champagne, ministre des Finances et du Revenu national"
35,0747904736a3a597857f2aecf3eee540,2026-05-11 11:30:29,https://www.canada.ca/en/fisheries-oceans/news/2026/05/government-of-canada-highlights-9578-million-investment-from-spring-economic-update-2026-canada-strong-for-all-to-small-craft-harbours-program.html,https://www.canada.ca/fr/peches-oceans/nouvelles/2026/05/gouvernement-du-canada-met-en-lumiere-un-investissement-de-9578-millions-de-dollars-annonce-dans-la-mise-a-jour-economique-du-printemps-de-2026--un.html,3,"Southwestern Ontario’s coastal communities have always depended on their harbours, and they deserve the sustained support to keep thriving. This funding is a meaningful investment in the people, livelihoods, and local economies that are the foundation of communities like Wheatley and Erieau.","The Honourable Arielle Kayabaga, Member of Parliament for London West","Les communautés côtières du sud-ouest de l’Ontario ont toujours compté sur leurs ports, et elles méritent un soutien soutenu pour continuer à prospérer. Ce financement représente un investissement important pour les personnes, les moyens de subsistance et les économies locales qui constituent le fondement de collectivités comme Wheatley et Erieau.","L’honorable Arielle Kayabaga, députée de London-Ouest (Ontario)"
36,cb63a4618674fb15bea2afd41c1e0d46,2026-05-11 10:30:00,https://www.canada.ca/en/canadian-heritage/news/2026/05/supporting-the-growth-of-canadas-creative-industries-in-global-markets.html,https://www.canada.ca/fr/patrimoine-canadien/nouvelles/2026/05/soutenir-la-croissance-des-industries-creatives-canadiennes-sur-les-marches-mondiaux.html,1,"Canadian creative professionals and entrepreneurs have much to offer on the world stage. Over the past eight years, the Creative Export Strategy has allowed thousands of businesses and organizations to showcase their talent internationally. This investment will ensure that our creative industries continue to build economic connections, attract investment and achieve long-term growth, while sharing our stories with the world.","The Honourable Marc Miller, Minister of Canadian Identity and Culture and Minister responsible for Official Languages","Les professionnels et entrepreneurs du secteur créatif canadien ont beaucoup à offrir sur la scène mondiale. Au cours des huit dernières années, la Stratégie d’exportation créative a permis à des milliers d’entreprises et d’organisations de faire rayonner leur talent à l’international. Cet investissement garantira que nos industries créatives continuent à tisser des liens économiques, à attirer des investissements et à assurer leur croissance à long terme, tout en faisant rayonner les histoires d’ici, à l’étranger.","L’honorable Marc Miller, ministre de l’Identité et de la Culture canadiennes et ministre responsable des Langues officielles"
37,cb63a4618674fb15bea2afd41c1e0d46,2026-05-11 10:30:00,https://www.canada.ca/en/canadian-heritage/news/2026/05/supporting-the-growth-of-canadas-creative-industries-in-global-markets.html,https://www.canada.ca/fr/patrimoine-canadien/nouvelles/2026/05/soutenir-la-croissance-des-industries-creatives-canadiennes-sur-les-marches-mondiaux.html,2,"Canadian culture is more than just an economic engine. It’s a way of letting the world know who we are. By giving our creative professionals, entrepreneurs and artists the means to reach new international audiences, we are investing in the ideas, stories and expertise that distinguish Canada throughout the world. This renewal of Canada’s Creative Export Strategy allows more local talent to grow, innovate and showcase their creativity for years to come.","The Honourable Steven Guilbeault, Member of Parliament (Laurier–Sainte-Marie)","La culture canadienne est bien plus qu’un moteur économique : c’est une façon de raconter qui nous sommes au monde. En donnant à nos créateurs, entrepreneurs et artistes les moyens d’atteindre de nouveaux publics à l’international, nous investissons dans des idées, des récits et un savoir-faire qui distinguent le Canada sur la scène mondiale. Le renouvellement de la Stratégie d’exportation créative du Canada permettra à davantage de talents d’ici de grandir, d’innover et de faire rayonner notre créativité dans les années à venir.","L’honorable Steven Guilbeault, député de Laurier–Sainte-Marie"
38,cb63a4618674fb15bea2afd41c1e0d46,2026-05-11 10:30:00,https://www.canada.ca/en/canadian-heritage/news/2026/05/supporting-the-growth-of-canadas-creative-industries-in-global-markets.html,https://www.canada.ca/fr/patrimoine-canadien/nouvelles/2026/05/soutenir-la-croissance-des-industries-creatives-canadiennes-sur-les-marches-mondiaux.html,3,"In recent years, the Creative Export Strategy has played a concrete role in allowing projects developed at PHI to reach international markets. At a time when Canadian creative industries hold a place of greater importance on the international scene, this type of initiative is essential in allowing Canadian creative professionals and companies to reach new audiences and develop international partnerships.","Eric Albert, President and Executive Director, PHI","Au cours des dernières années, le soutien de la Stratégie d’exportation créative a joué un rôle concret dans le rayonnement international des projets développés par les différentes entités de PHI. Dans un contexte où les industries créatives canadiennes occupent une place de plus en plus importante sur la scène mondiale, ce type d’initiative est essentiel pour permettre aux créateurs et aux entreprises d’ici de rejoindre de nouveaux publics et de développer des collaborations à l’international.","Eric Albert, président-directeur général, PHI"
39,f3fd7cb3c22e347899d05f53b8316873,2026-05-11 09:23:12,https://www.canada.ca/en/transport-canada/news/2026/05/minister-mackinnon-announces-the-renaming-of-the-charlottetown-airport-to-honour-former-premier-alexander-b-campbell.html,https://www.canada.ca/fr/transports-canada/nouvelles/2026/05/le-gouvernement-du-canada-change-le-nom-de-laeroport-de-charlottetown-en-lhonneur-de-lancien-premier-ministre-alexander-b-campbell.html,1,"Alexander B. Campbell was a great statesman whose vision, dedication, and sense of duty profoundly shaped modern Prince Edward Island. Renaming the Charlottetown Airport in his honour recognizes a leader who worked tirelessly to strengthen Prince Edward Island’s economy and modernize its infrastructure. This airport continues to connect Islanders to the rest of Canada and the world, supporting tourism, trade, and good jobs for the region, while helping to build Canada strong.",The Honourable Steven MacKinnon Minister of Transport and Leader of the Government in the House of Commons,"Alexander B. Campbell était un grand homme d’État dont la vision, le dévouement et le sens du devoir ont profondément façonné l’Île-du-Prince-Édouard moderne. En renommant l’aéroport de Charlottetown en son honneur, nous rendons hommage à un dirigeant qui a œuvré sans relâche pour renforcer l’économie et moderniser les infrastructures de l’Île-du-Prince-Édouard. Cet aéroport continue de relier la population insulaire au reste du Canada et au monde entier, favorisant ainsi le tourisme, le commerce et la création d’emplois de qualité dans la région, tout en contribuant à bâtir un Canada fort.",L’honorable Steven MacKinnon Ministre des Transports et leader du gouvernement à la Chambre des communes
40,f3fd7cb3c22e347899d05f53b8316873,2026-05-11 09:23:12,https://www.canada.ca/en/transport-canada/news/2026/05/minister-mackinnon-announces-the-renaming-of-the-charlottetown-airport-to-honour-former-premier-alexander-b-campbell.html,https://www.canada.ca/fr/transports-canada/nouvelles/2026/05/le-gouvernement-du-canada-change-le-nom-de-laeroport-de-charlottetown-en-lhonneur-de-lancien-premier-ministre-alexander-b-campbell.html,2,"Renaming the Charlottetown Airport in honour of Alexander B. Campbell recognizes his leadership in helping modernize Prince Edward Island’s economy and in strengthening the foundations of the province we know today. His work helped shape the island’s future, and this recognition is a fitting tribute to a legacy that continues to be felt.","The Honourable Joël Lightbound Minister of Government Transformation, Public Works and Procurement and Quebec Lieutenant","Le fait de renommer l’aéroport de Charlottetown en l’honneur d’Alexander B. Campbell reconnaît le leadership dont il a fait preuve pour aider à moderniser l’économie de l’Île-du-Prince-Édouard et à renforcer les fondements de la province que nous connaissons aujourd’hui. Son travail a contribué à façonner l’avenir de l’Île, et cette reconnaissance est un hommage approprié à un héritage qui continue de se faire sentir.","L’honorable Joël Lightbound Ministre de la Transformation du gouvernement, des Travaux publics et de l’Approvisionnement et lieutenant du Québec"
41,f3fd7cb3c22e347899d05f53b8316873,2026-05-11 09:23:12,https://www.canada.ca/en/transport-canada/news/2026/05/minister-mackinnon-announces-the-renaming-of-the-charlottetown-airport-to-honour-former-premier-alexander-b-campbell.html,https://www.canada.ca/fr/transports-canada/nouvelles/2026/05/le-gouvernement-du-canada-change-le-nom-de-laeroport-de-charlottetown-en-lhonneur-de-lancien-premier-ministre-alexander-b-campbell.html,3,"We fully support the decision to rename the airport in honour of Alexander B. Campbell. Premier Campbell’s leadership played a defining role in shaping modern Prince Edward Island, and it is fitting that one of the province’s principal gateways will bear his name. As a vital community asset and a key connector for Islanders, visitors, and businesses alike, the airport reflects the pride and respect felt across Prince Edward Island for Premier Campbell’s enduring legacy and his contributions to public service.","Doug Newson Chief Executive Officer, Charlottetown Airport Authority Inc.","Nous soutenons pleinement la décision de renommer l’aéroport en l’honneur d’Alexander B. Campbell. Sous la direction du premier ministre Campbell, l’Île-du-Prince-Édouard est devenue ce qu’elle est aujourd’hui, et il est tout à fait approprié que l’une des principales portes d’entrée de la province porte son nom. Atout vital pour la communauté et point de liaison clé pour la population de l’île, les visiteurs et les entreprises, l’aéroport symbolise la fierté et le respect que l’on éprouve partout sur l’Île-du-Prince-Édouard à l’égard de l’héritage durable du premier ministre Campbell et des contributions qu’il a apportées à la fonction publique.","Doug Newson Directeur général, Charlottetown Airport Authority Inc."
42,de8be14de15fad05a61bce66f4cdd3f5,2026-05-11 09:12:22,https://www.canada.ca/en/food-inspection-agency/news/2026/05/dont-leaf-it-to-chance-plant-health-is-everyones-business.html,https://www.canada.ca/fr/agence-inspection-aliments/nouvelles/2026/05/ne-cultivons-pas-lindifference--la-sante-des-vegetaux-cest-laffaire-de-tout-le-monde.html,1,"Protecting plant health is vital for our environment, food supply, and economy. On the International Day of Plant Health, Canada reaffirms its commitment to safeguarding our crops and natural resources from harmful pests and diseases. By working together at home and globally, we can ensure a secure, sustainable future for generations to come.","The Honourable Heath MacDonald, Minister of Agriculture and Agri-Food","La protection des végétaux est essentielle pour notre environnement, notre approvisionnement alimentaire et notre économie. En cette Journée internationale de la santé des végétaux, le Canada réaffirme son engagement à protéger nos cultures et nos ressources naturelles contre les organismes nuisibles et les maladies. En unissant nos efforts à l’échelle nationale et internationale, nous pouvons garantir un avenir sûr et écologiquement viable pour les générations futures.","L’honorable Heath MacDonald, ministre de l’Agriculture et de l’Agroalimentaire"
43,637a6db20ac4233f4c2351cb82602280,2026-05-11 08:16:00,https://www.canada.ca/en/immigration-refugees-citizenship/news/2026/05/building-the-workforce-needed-to-deliver-more-homes-in-halifax.html,https://www.canada.ca/fr/immigration-refugies-citoyennete/nouvelles/2026/05/constituer-la-main-duvre-necessaire-pour-construire-plus-de-logements-a-halifax.html,1,"Solving Canada’s housing challenge means building faster—and that starts with having the skilled workforce to deliver. Through the Spring Economic Update, our government is investing in workers, modern construction methods, and streamlined systems so homes can move more quickly from planning to construction. In Halifax, Nova Scotia, these investments will help create good-paying jobs, strengthen the local economy, and deliver the housing families need now and for the future.","The Honourable Gregor Robertson, Minister of Housing and Infrastructure","Pour régler la crise du logement au Canada, il faut bâtir plus rapidement. Pour y parvenir, il faut d’abord constituer une main-d’œuvre qualifiée. Dans le cadre de la Mise à jour économique du printemps, notre gouvernement investit dans les travailleurs, les méthodes de construction modernes et la simplification des processus afin que les projets résidentiels passent plus rapidement de la planification à la construction. Ici, à Halifax, en Nouvelle-Écosse, ces investissements aideront à créer des emplois bien rémunérés, à renforcer l’économie locale et à offrir les logements dont les familles ont besoin, aujourd’hui et pour l’avenir.","L’honorable Gregor Robertson, ministre du Logement et de l’Infrastructure"
44,637a6db20ac4233f4c2351cb82602280,2026-05-11 08:16:00,https://www.canada.ca/en/immigration-refugees-citizenship/news/2026/05/building-the-workforce-needed-to-deliver-more-homes-in-halifax.html,https://www.canada.ca/fr/immigration-refugies-citoyennete/nouvelles/2026/05/constituer-la-main-duvre-necessaire-pour-construire-plus-de-logements-a-halifax.html,2,"Canada’s housing goals depend on a strong and reliable workforce. Alongside investments in training and skilled trades, immigration will continue to play a complementary role in helping address labour needs in sectors critical to building more homes and stronger communities. Together, these efforts will help support growth and improve housing supply for Canadians.","The Honourable Lena Metlege Diab, Minister of Immigration, Refugees and Citizenship","Les objectifs du Canada en matière de logement reposent sur une main-d’œuvre forte et fiable. En plus des investissements dans la formation et les métiers spécialisés, l’immigration continuera de jouer un rôle complémentaire pour répondre aux besoins en main-d’œuvre dans les secteurs essentiels à la construction de logements et au renforcement des collectivités. Ensemble, ces efforts contribueront à soutenir la croissance et à accroître l’offre de logements pour les Canadiens.","L’honorable Lena Metlege Diab, ministre de l’Immigration, des Réfugiés et de la Citoyenneté"
45,637a6db20ac4233f4c2351cb82602280,2026-05-11 08:16:00,https://www.canada.ca/en/immigration-refugees-citizenship/news/2026/05/building-the-workforce-needed-to-deliver-more-homes-in-halifax.html,https://www.canada.ca/fr/immigration-refugies-citoyennete/nouvelles/2026/05/constituer-la-main-duvre-necessaire-pour-construire-plus-de-logements-a-halifax.html,3,"The future of housing and community infrastructure in Canada will depend on our ability to build smarter, faster and at greater scale. Expanding the skilled workforce alongside offsite manufacturing and advanced wood building systems will be essential to increasing housing supply across the country and right here in Nova Scotia. As part of the Macklan Group, DORA Construction and Eastcut Wood Building Solutions welcome the Government of Canada’s investments in skilled trades and commitment to modern methods of construction.","Donald MacDonald, President and Founder, Macklan Group","L’avenir du logement et des infrastructures communautaires au Canada dépendra de notre capacité à construire de façon plus intelligente, plus rapide et à plus grande échelle. L’expansion de la main-d’œuvre spécialisée, combinée à la fabrication hors site et aux systèmes de construction avancés en bois, sera essentielle pour accroître l’offre de logements partout au pays, y compris ici, en Nouvelle-Écosse. À titre de membres du Groupe Macklan, DORA Construction et Eastcut Wood Building Solutions saluent les investissements du gouvernement du Canada dans les métiers spécialisés ainsi que son engagement envers les méthodes modernes de construction.","Donald MacDonald, président et fondateur du Groupe Macklan"
46,4a77f31f9f5a953af631f1063ffa2a0a,2026-05-08 16:26:00,https://www.canada.ca/en/environment-climate-change/news/2026/05/a-force-of-nature-canadas-strategy-to-protect-nature.html,https://www.canada.ca/fr/environnement-changement-climatique/nouvelles/2026/05/une-force-de-la-nature-la-strategie-du-canada-pour-proteger-la-nature.html,1,"Canada’s strength has always been rooted in our connection to nature. From coast to coast to coast, nature is not just part of our landscape, it’s part of who we are as Canadians. Through strong partnerships with Indigenous, provincial, and territorial governments, and other stakeholders, we will expand the network of protected areas in Canada, invest in programs designed to accelerate conservation, and restore ecosystems. Protecting nature is not separate from building Canada—it’s central to it. This plan reflects who we are as a country: people who understand that our environment, our economy, and our communities are strongest when they grow together.","The Honourable Julie Dabrusin, Minister of the Environment, Climate Change and Nature","La force du Canada a toujours été ancrée dans notre lien avec la nature. D’un océan à l’autre, la nature ne fait pas seulement partie du paysage; elle fait partie de l’identité canadienne. Grâce à des partenariats solides avec les gouvernements autochtones, provinciaux et territoriaux, ainsi qu’avec d’autres intervenants, nous élargirons le réseau d’aires protégées au Canada, investirons dans des programmes visant à accélérer la conservation et restaurerons les écosystèmes. La protection de la nature n’est pas distincte des efforts visant à bâtir le Canada; elle est au cœur de ces efforts. Ce plan reflète le vrai visage de notre peuple : nous comprenons que notre environnement, notre économie et nos communautés sont plus forts quand leur amélioration se fait en parallèle.","L’honorable Julie Dabrusin, ministre de l’Environnement, du Changement climatique et de la Nature"
47,4a77f31f9f5a953af631f1063ffa2a0a,2026-05-08 16:26:00,https://www.canada.ca/en/environment-climate-change/news/2026/05/a-force-of-nature-canadas-strategy-to-protect-nature.html,https://www.canada.ca/fr/environnement-changement-climatique/nouvelles/2026/05/une-force-de-la-nature-la-strategie-du-canada-pour-proteger-la-nature.html,2,"A strong future for Canada depends on healthy, resilient oceans and fresh water. By investing in our wild Pacific Salmon Strategy Initiative and National wild Atlantic Salmon Strategy, we are strengthening protections for aquatic species at risk, as well as fish and fish habitat, tackling threats like ‘ghost gear.’ This approach enables us to build healthier ecosystems and more sustainable and prosperous fisheries. This work positions Canada to build a stronger, more sustainable economy for years to come.","The Honourable Joanne Thompson, Minister of Fisheries","Pour connaître un avenir solide, le Canada dépend de la santé et de la résilience des océans et de l’eau douce. En investissant dans l’Initiative de la Stratégie relative au saumon sauvage du Pacifique et la Stratégie nationale sur le saumon sauvage de l’Atlantique, nous renforçons la protection des espèces aquatiques en péril, des poissons et de leur habitat, en luttant contre des menaces comme les “engins fantômes”. Cette approche nous permet de favoriser la santé des écosystèmes ainsi que la durabilité et la prospérité des pêches. Ces efforts permettent au Canada de mettre en place une économie plus forte et plus durable pour les années à venir.","L’honorable Joanne Thompson, ministre des Pêches"
48,4a77f31f9f5a953af631f1063ffa2a0a,2026-05-08 16:26:00,https://www.canada.ca/en/environment-climate-change/news/2026/05/a-force-of-nature-canadas-strategy-to-protect-nature.html,https://www.canada.ca/fr/environnement-changement-climatique/nouvelles/2026/05/une-force-de-la-nature-la-strategie-du-canada-pour-proteger-la-nature.html,3,"Protecting nature and advancing reconciliation go hand in hand. By investing in the Indigenous Guardians Program, we are expanding Indigenous-led conservation efforts and creating good-paying jobs and greater economic opportunities. This is how we protect the lands and waters people depend on while also building stronger, more sustainable communities.","The Honourable Rebecca Alty, Minister of Crown-Indigenous Relations","La protection de la nature et l’avancement de la réconciliation vont de pair. En investissant dans le Programme des gardiens autochtones, nous élargissons les efforts de conservation dirigés par les Autochtones et créons des emplois bien payés et plus d’occasions économiques. C’est ainsi que nous pourrons protéger les terres et les eaux dont les peuples dépendent, tout en bâtissant des communautés plus fortes et plus durables.","L’honorable Rebecca Alty, ministre des Relations Couronne-Autochtones"
49,4a77f31f9f5a953af631f1063ffa2a0a,2026-05-08 16:26:00,https://www.canada.ca/en/environment-climate-change/news/2026/05/a-force-of-nature-canadas-strategy-to-protect-nature.html,https://www.canada.ca/fr/environnement-changement-climatique/nouvelles/2026/05/une-force-de-la-nature-la-strategie-du-canada-pour-proteger-la-nature.html,4,"Canadians’ longstanding commitment to nature is undeniable, and our government is steadfast in its goal of protecting 30% of our lands and waters by 2030. A Force of Nature presents a bold new vision to reach this target, driven by a results-oriented approach to protect and leverage our natural capital. To realize our ambitions, we will use all available economic levers to accelerate progress and reach our target. This is how we will accomplish the 30×30 goal.","The Honourable Nathalie Provost, Secretary of State (Nature)","L’engagement de longue date de la population canadienne à l’égard de la nature est indéniable, et notre gouvernement maintient son objectif de protéger 30 % de nos terres et de nos eaux d’ici 2030. Une force de la nature présente une nouvelle vision ambitieuse permettant d’atteindre cette cible, soutenue par une approche axée sur les résultats visant à protéger et à mettre à contribution notre capital naturel. Pour réaliser nos ambitions, nous utiliserons tous les leviers économiques à notre disposition afin d’accélérer les progrès et d’atteindre notre cible. C’est ainsi que nous pourrons accomplir l’objectif 30×30.","L’honorable Nathalie Provost, secrétaire d’État (Nature)"
50,4a77f31f9f5a953af631f1063ffa2a0a,2026-05-08 16:26:00,https://www.canada.ca/en/environment-climate-change/news/2026/05/a-force-of-nature-canadas-strategy-to-protect-nature.html,https://www.canada.ca/fr/environnement-changement-climatique/nouvelles/2026/05/une-force-de-la-nature-la-strategie-du-canada-pour-proteger-la-nature.html,5,"In the Estrie region, more than 90% of the land is privately owned. If we truly want to protect biodiversity where the pressure is greatest in the country, it is here, in the south, that we must take action. The conservation projects we’re discussing today show that by working with committed landowners and local organizations, we can protect natural habitats of high ecological value in a sustainable way. That is exactly the spirit of the approach I am advocating with Motion M-15: providing the right tools to encourage more citizens to choose conservation. Because ultimately, protecting nature starts on the ground, with the people here.","Louis Villeneuve, Member of Parliament for Brome–Missisquoi","En Estrie, plus de 90 % du territoire est constitué de terres privées. Si on veut réellement protéger la biodiversité là où la pression est la plus forte au pays, c’est ici, dans le sud, qu’il faut agir. Les projets de conservation dont on parle aujourd’hui démontrent qu’en travaillant avec des propriétaires engagés et des organismes du milieu, on peut protéger des milieux naturels à haute valeur écologique, de façon durable. C’est exactement le sens de la démarche que je porte avec la motion M-15 : donner les bons outils pour encourager davantage de citoyens à faire le choix de la conservation. Parce qu’au final, protéger la nature, ça se fait d’abord sur le terrain, avec les gens d’ici.","Louis Villeneuve, député de Brome–Missisquoi"
51,4a77f31f9f5a953af631f1063ffa2a0a,2026-05-08 16:26:00,https://www.canada.ca/en/environment-climate-change/news/2026/05/a-force-of-nature-canadas-strategy-to-protect-nature.html,https://www.canada.ca/fr/environnement-changement-climatique/nouvelles/2026/05/une-force-de-la-nature-la-strategie-du-canada-pour-proteger-la-nature.html,6,"Protecting nature means investing in our collective future and is a response to the climate and biodiversity crises. This announcement brings hope. It allows conservation organizations to maintain their momentum and, above all, bring conservation projects that are ready to launch to completion. With the collective of conservation organizations involved in the Accelerating Conservation in Southern Quebec project, more than 120 projects are in the works, representing 15,000 hectares to be protected. Federal funding plays a decisive role and acts as a major catalyst.","Caroline Bisson, Co-Executive Director, Appalachian Corridor","Protéger la nature, c’est investir dans notre avenir collectif et constitue une réponse aux crises climatique et de la biodiversité. Cette annonce est porteuse d’espoir. Elle permet aux organismes de conservation de maintenir leur élan et, surtout, de concrétiser des projets de conservation prêts à voir le jour. Avec le collectif d’organismes de conservation impliqués dans le projet Accélérer la conservation dans le sud du Québec, plus de 120 projets sont en attente, représentant 15 000 hectares à protéger. Les fonds fédéraux jouent un rôle déterminant et agissent comme un levier majeur.","Caroline Bisson, directrice générale de Corridor appalachien"
52,18ff449c121a54d387d0f53bc266d966,2026-05-08 13:15:25,https://www.canada.ca/en/housing-infrastructure-communities/news/2026/05/new-skytrain-stations-taking-shape-for-transit-riders-south-of-the-fraser.html,https://www.canada.ca/fr/logement-infrastructures-collectivites/nouvelles/2026/05/de-nouvelles-stations-du-skytrain-prennent-forme-pour-les-usagers-du-transport-en-commun-au-sud-du-fleuve-fraser.html,1,"The Surrey Langley SkyTrain will transform the way people move around Metro Vancouver. Breaking ground on the last of eight stations is a huge step towards building vital and reliable public transit connections. Through collaboration, we are building the first rapid transit project south of the Fraser in 30 years.","The Honourable Gregor Robertson, Minister of Housing and Infrastructure and Minister responsible for Pacific Economic Development Canada","Le SkyTrain entre Surrey et Langley transformera la façon dont les gens se déplacent à Metro Vancouver. Le début des travaux à la dernière des huit stations constitue une étape majeure de la création de liaisons de transport en commun essentielles et fiables. Grâce à la collaboration, nous réalisons le premier projet de transport en commun rapide au sud du fleuve Fraser en 30 ans.","L’honorable Gregor Robertson, ministre du Logement et de l’Infrastructure et ministre responsable de Développement économique Canada pour le Pacifique"
53,18ff449c121a54d387d0f53bc266d966,2026-05-08 13:15:25,https://www.canada.ca/en/housing-infrastructure-communities/news/2026/05/new-skytrain-stations-taking-shape-for-transit-riders-south-of-the-fraser.html,https://www.canada.ca/fr/logement-infrastructures-collectivites/nouvelles/2026/05/de-nouvelles-stations-du-skytrain-prennent-forme-pour-les-usagers-du-transport-en-commun-au-sud-du-fleuve-fraser.html,2,"As construction begins on Willowbrook Station, we’re moving closer to a transit system that better connects people, communities, and opportunities across the region. The Surrey–Langley SkyTrain extension will make it easier for residents to get where they need to go by reducing service gaps, shortening commute times, and expanding public transportation across Metro Vancouver for years to come.","The Honourable Randeep Sarai, Secretary of State (International Development), and Member of Parliament for Surrey Centre","Avec le début des travaux de la station Willowbrook, nous nous rapprochons d’un réseau de transport en commun qui reliera plus efficacement les personnes, les collectivités et les possibilités dans toute la région. Le prolongement du SkyTrain entre Surrey et Langley facilitera les déplacements des résidents en comblant les lacunes de service, en réduisant les temps de déplacement et en élargissant l’accès au transport en commun à Metro Vancouver pour les années à venir.","L’honorable Randeep Sarai, secrétaire d’État (Développement international), et député de Surrey-Centre"
54,18ff449c121a54d387d0f53bc266d966,2026-05-08 13:15:25,https://www.canada.ca/en/housing-infrastructure-communities/news/2026/05/new-skytrain-stations-taking-shape-for-transit-riders-south-of-the-fraser.html,https://www.canada.ca/fr/logement-infrastructures-collectivites/nouvelles/2026/05/de-nouvelles-stations-du-skytrain-prennent-forme-pour-les-usagers-du-transport-en-commun-au-sud-du-fleuve-fraser.html,3,"Everyone needs to get to school, work, or appointments, and all the better if commutes go quickly with a minimum of stress. This new extension links the growing region south of the Fraser with the rest of Metro Vancouver, making commuting faster and easier, while relieving traffic congestion. With all eight new SkyTrain stations now under construction, we are closer to riders moving from Langley City Centre to downtown Vancouver in a little over an hour.","The Honourable David Eby, Premier of British Columbia","Tout le monde doit se rendre à l’école, au travail ou à des rendez-vous, et c’est encore mieux si les déplacements se font rapidement et avec un minimum de stress. Ce nouveau prolongement relie la région en pleine croissance du sud du fleuve Fraser au reste de Metro Vancouver, rendant ainsi les déplacements plus rapides et plus faciles, tout en réduisant la congestion routière. Avec les huit nouvelles stations du SkyTrain maintenant en construction, nous nous rapprochons du jour où les usagers pourront se rendre du centre-ville de Langley au centre-ville de Vancouver en un peu plus d’une heure.","L’honorable David Eby, premier ministre de la Colombie-Britannique"
55,18ff449c121a54d387d0f53bc266d966,2026-05-08 13:15:25,https://www.canada.ca/en/housing-infrastructure-communities/news/2026/05/new-skytrain-stations-taking-shape-for-transit-riders-south-of-the-fraser.html,https://www.canada.ca/fr/logement-infrastructures-collectivites/nouvelles/2026/05/de-nouvelles-stations-du-skytrain-prennent-forme-pour-les-usagers-du-transport-en-commun-au-sud-du-fleuve-fraser.html,4,"The Surrey–Langley SkyTrain extension is about more than just moving people—it’s about building stronger, more connected communities. This project will reduce congestion, cut commute times, and provide a reliable transportation for the region’s growing population.","The Honourable Mike Farnworth, Minister of Transportation and Transit","Le prolongement du SkyTrain entre Surrey et Langley permettra non seulement de faciliter les déplacements, mais aussi de bâtir des collectivités plus fortes et mieux reliées. Ce projet permettra de diminuer la congestion routière, de raccourcir les temps de déplacement et d’offrir un moyen de transport fiable à la population croissante de la région.","L’honorable Mike Farnworth, ministre des Transports et du Transport en commun"
56,18ff449c121a54d387d0f53bc266d966,2026-05-08 13:15:25,https://www.canada.ca/en/housing-infrastructure-communities/news/2026/05/new-skytrain-stations-taking-shape-for-transit-riders-south-of-the-fraser.html,https://www.canada.ca/fr/logement-infrastructures-collectivites/nouvelles/2026/05/de-nouvelles-stations-du-skytrain-prennent-forme-pour-les-usagers-du-transport-en-commun-au-sud-du-fleuve-fraser.html,5,"It’s great to see construction advancing on rapid transit to Langley. The Surrey-Langley SkyTrain will provide vital connections for our residents to jobs, education, and services around the region.","Eric Woodward, Mayor of the Township of Langley","C’est formidable de voir progresser la construction du réseau de transport en commun rapide vers Langley. Le SkyTrain entre Surrey et Langley offrira aux résidents des liaisons essentielles vers les lieux de travail, les établissements d’enseignement et les services partout dans la région.","Eric Woodward, maire du canton de Langley"
57,18ff449c121a54d387d0f53bc266d966,2026-05-08 13:15:25,https://www.canada.ca/en/housing-infrastructure-communities/news/2026/05/new-skytrain-stations-taking-shape-for-transit-riders-south-of-the-fraser.html,https://www.canada.ca/fr/logement-infrastructures-collectivites/nouvelles/2026/05/de-nouvelles-stations-du-skytrain-prennent-forme-pour-les-usagers-du-transport-en-commun-au-sud-du-fleuve-fraser.html,6,"The Surrey–Langley SkyTrain extension is a major transportation investment that will strengthen connections across our region, reduce travel times, and support the long-term growth of our city. It will improve how people get around in City Centre, Fleetwood, and Cloverdale, and play an important role in shaping the future of these communities as they continue to grow.","Brenda Locke, Mayor of Surrey","Le prolongement du SkyTrain reliant Surrey et Langley constitue un investissement majeur dans le transport qui renforcera les liaisons dans notre région, réduira les temps de déplacement et soutiendra la croissance à long terme de notre ville. Il améliorera les déplacements dans le centre-ville, à Fleetwood et à Cloverdale, et jouera un rôle important dans l’avenir de ces collectivités à mesure qu’elles continuent de croître.","Brenda Locke, mairesse de Surrey"
58,18ff449c121a54d387d0f53bc266d966,2026-05-08 13:15:25,https://www.canada.ca/en/housing-infrastructure-communities/news/2026/05/new-skytrain-stations-taking-shape-for-transit-riders-south-of-the-fraser.html,https://www.canada.ca/fr/logement-infrastructures-collectivites/nouvelles/2026/05/de-nouvelles-stations-du-skytrain-prennent-forme-pour-les-usagers-du-transport-en-commun-au-sud-du-fleuve-fraser.html,7,"It’s encouraging to see the speed and progress on this project. The Province’s leadership and strong coordination are helping deliver this investment in transit in a timely way for people across the region, including Langley City.","Nathan Pachal, Mayor of Langley City","Il est encourageant de constater la rapidité et les progrès réalisés dans le cadre de ce projet. Le leadership et la coordination efficace de la province contribuent à la mise en œuvre rapide de cet investissement dans le transport en commun au profit des résidents de toute la région, y compris ceux de la ville de Langley.","Nathan Pachal, maire de la Ville de Langley"
59,18ff449c121a54d387d0f53bc266d966,2026-05-08 13:15:25,https://www.canada.ca/en/housing-infrastructure-communities/news/2026/05/new-skytrain-stations-taking-shape-for-transit-riders-south-of-the-fraser.html,https://www.canada.ca/fr/logement-infrastructures-collectivites/nouvelles/2026/05/de-nouvelles-stations-du-skytrain-prennent-forme-pour-les-usagers-du-transport-en-commun-au-sud-du-fleuve-fraser.html,8,"Surrey Langley SkyTrain has been years in the making, and this milestone shows the planning, partnership, and sustained investment it takes to deliver a project of this scale. The decisions we make today turn long-term plans into real transit improvements, giving growing communities better ways to move for generations to come.","Kevin Quinn, CEO of TransLink","Le projet du SkyTrain entre Surrey et Langley est en préparation depuis des années, et cette étape témoigne de la planification, des partenariats et des investissements soutenus nécessaires pour mener à bien un projet d’une telle envergure. Les décisions que nous prenons aujourd’hui transforment des plans à long terme en améliorations concrètes du transport en commun, offrant aux collectivités en croissance de meilleures façons de se déplacer pour les générations à venir.","Kevin Quinn, PDG de TransLink"
60,18ff449c121a54d387d0f53bc266d966,2026-05-08 13:15:25,https://www.canada.ca/en/housing-infrastructure-communities/news/2026/05/new-skytrain-stations-taking-shape-for-transit-riders-south-of-the-fraser.html,https://www.canada.ca/fr/logement-infrastructures-collectivites/nouvelles/2026/05/de-nouvelles-stations-du-skytrain-prennent-forme-pour-les-usagers-du-transport-en-commun-au-sud-du-fleuve-fraser.html,9,"Like any major transit project, there have been some temporary disruptions. But what really stands out is the long-term opportunity the Surrey Langley SkyTrain brings. It won’t just support local businesses with more foot traffic, it will make life easier for people with faster, more reliable ways to get to work, school, and important services. That kind of connectivity strengthens the whole community, and we’re excited to grow alongside it.","Jen Temple, Business Owner and President of Cloverdale District Chamber of Commerce","Comme pour tout grand projet de transport en commun, il y a eu quelques perturbations temporaires. Mais ce qui ressort vraiment, c’est l’occasion à long terme qu’offre le SkyTrain entre Surrey et Langley. Non seulement il soutiendra les entreprises locales grâce à une augmentation de l’achalandage, mais il facilitera aussi la vie des gens en offrant des moyens plus rapides et plus fiables de se rendre au travail, à l’école et aux services essentiels. Ce type de connectivité renforce l’ensemble de la collectivité, et nous sommes ravis de croître à ses côtés.","Jen Temple, propriétaire d’entreprise et présidente de la Chambre de commerce du district de Cloverdale"
61,9b8e37c0075751b28976eebfb3b56869,2026-05-08 13:13:10,https://www.canada.ca/en/public-safety-canada/news/2026/05/in-montreal-minister-anandasangaree-highlights-investments-in-combatting-crime-from-spring-economic-update-2026.html,https://www.canada.ca/fr/securite-publique-canada/nouvelles/2026/05/a-montreal-le-ministre-gary-anandasangaree-souligne-les-investissements-consacres-a-la-lutte-contre-la-criminalite-dans-la-mise-a-jour-economique-d.html,1,"The Spring Economic Update 2026 builds on the momentum of our budget, combining strategic investments with sustained fiscal discipline to keep building Canada Strong for All – delivering prosperity today and strengthening our economy for tomorrow. At this pivotal moment in Canada’s history, we’re charting a course through the fog of uncertainty and global headwinds with strength, determination, and ambition – and building one strong Canadian economy, by Canadians, for Canadians.","The Honourable François-Philippe Champagne, Minister of Finance and National Revenue","La Mise à jour économique du printemps de 2026 s’inscrit dans la dynamique de notre budget, en combinant des investissements stratégiques et une discipline budgétaire soutenue afin de continuer à bâtir un Canada fort pour tous – en assurant la prospérité d’aujourd’hui et en renforçant notre économie de demain. En ce moment charnière de l’histoire du Canada, nous traçons notre route avec force, détermination et ambition au milieu du brouillard de l’incertitude et des vents contraires mondiaux – et nous bâtissons une économie canadienne forte, par les Canadiens, pour les Canadiens.","L’honorable François-Philippe Champagne, ministre des Finances et du Revenu national"
62,9b8e37c0075751b28976eebfb3b56869,2026-05-08 13:13:10,https://www.canada.ca/en/public-safety-canada/news/2026/05/in-montreal-minister-anandasangaree-highlights-investments-in-combatting-crime-from-spring-economic-update-2026.html,https://www.canada.ca/fr/securite-publique-canada/nouvelles/2026/05/a-montreal-le-ministre-gary-anandasangaree-souligne-les-investissements-consacres-a-la-lutte-contre-la-criminalite-dans-la-mise-a-jour-economique-d.html,2,"Communities are strongest when people feel safe, supported, and respected. Through the Canada Community Security Program, we are helping organizations in Montreal and across Canada to enhance their security measures against hate‑motivated incidents, including those driven by antisemitism, Islamophobia, and hate targeting 2SLGBTQI+ communities.","The Honourable Gary Anandasangaree, Minister of Public Safety","Les communautés sont plus fortes lorsque leurs membres se sentent en sécurité, soutenus et respectés. Dans le cadre du Programme pour la sécurité communautaire du Canada, nous aidons des organisations à Montréal et à l’échelle du Canada à renforcer leurs mesures de sécurité contre les incidents motivés par la haine, y compris ceux motivés par l’antisémitisme, l’islamophobie et la haine ciblant les communautés 2ELGBTQI+.","L’honorable Gary Anandasangaree, ministre de la Sécurité publique"
